Bioiberica Dermoscent Spot-on 4 unidades - 1-10 kg,14.85,https://www.petsonic.com/25389-large_default/bioiberica-dermoscent-spot-on-4-unidades-para-perros-gatos.jpg
Bioiberica Dermoscent Spot-on 4 unidades - 10-20 kg,17.82,https://www.petsonic.com/25389-large_default/bioiberica-dermoscent-spot-on-4-unidades-para-perros-gatos.jpg
Bioiberica Dermoscent Spot-on 4 unidades - 20-40 kg,19.80,https://www.petsonic.com/25389-large_default/bioiberica-dermoscent-spot-on-4-unidades-para-perros-gatos.jpg
farmadiet Dermadiet para Perro - 60,13.97,https://www.petsonic.com/15034-large_default/farmadiet-dermadiet-para-perros.jpg
farmadiet Oleoderm Capsulas Dermatologicas para Perro y Gato - 60 Comprimidos,18.11,https://www.petsonic.com/26369-large_default/virbac-oleoderm-pipetas-dermatologicas-para-perros.jpg
farmadiet Oleoderm Capsulas Dermatologicas para Perro y Gato - 360 Comprimidos,94.44,https://www.petsonic.com/26369-large_default/virbac-oleoderm-pipetas-dermatologicas-para-perros.jpg
Menforsan Protector solar para perros factor 30 - 50 ml,10.84,https://www.petsonic.com/28231-large_default/menforsan-protector-solar-para-perros-factor-30.jpg
Stangest Dermovital Champú Calmante para Perro y/o Gato - 0.250 L,7.86,https://www.petsonic.com/28813-large_default/stanvet-dermovital-champu-calmante-para-perro-yo-gato.jpg
Stangest Dermovital Champú M-Derm Antiséptico para Perro y/o Gato - 0.250 L,7.43,https://www.petsonic.com/28814-large_default/stanvet-dermovital-champu-antiseptico-para-perro-yo-gato.jpg
Stangest Dermovital Omega 3-6-9 para Perro y Gato - 60 ,13.52,https://www.petsonic.com/28836-large_default/dermovital-bote-omega-3-6-9-para-perro.jpg
Stangest Dermovital Omega 3-6-9 para Perro y Gato - 300,42.48,https://www.petsonic.com/28836-large_default/dermovital-bote-omega-3-6-9-para-perro.jpg
Stangest Dermovital en Gotas para Perro y Gato - 15 ml,7.25,https://www.petsonic.com/28840-large_default/dermovital-gotas-para-perro-gato.jpg
Stangest Dermovital Zinc para Perro y Gato - 60 ,12.63,https://www.petsonic.com/28841-large_default/dermovital-zinc-para-perro-gato.jpg
Stangest Champú Antiseborrea Dermosel para perro y Gato - 250 ml,7.86,https://www.petsonic.com/28866-large_default/champu-antiseborrea-dermosel-para-perro-gato.jpg
virbac Allercalm plus 250ml - 0.250 L,15.48,https://www.petsonic.com/13767-large_default/virbac-allercalm-plus-250ml-para-perros.jpg
vetplus Coatex 240 comprimidos - 240 Comprimidos,53.28,https://www.petsonic.com/14226-large_default/vetplus-coatex-para-perros-gatos.jpg
vetplus Coatex Champú - 0.250 L,12.53,https://www.petsonic.com/14222-large_default/vetplus-coatex-champu-para-perros.jpg
vetplus Coatex Champú - 0.500 L,18.90,https://www.petsonic.com/14222-large_default/vetplus-coatex-champu-para-perros.jpg
Ecuphar Dermocanis Atocare 250ml + Espuma 150ml - 250 ml,14.81,https://www.petsonic.com/28918-large_default/esteve-dermocanis-alercure-para-perros.jpg
virbac Allerdem Pipetas Dermatologicas - 6 Pipetas - 2 ml,18.74,https://www.petsonic.com/14204-large_default/virbac-allerdem-pipetas-dermatologicas-para-perros-gatos.jpg
virbac Allerdem Pipetas Dermatologicas - 6 Pipetas - 4 ml,23.42,https://www.petsonic.com/14204-large_default/virbac-allerdem-pipetas-dermatologicas-para-perros-gatos.jpg
virbac Champú Fisiológico para Perro - 0.200 L,10.44,https://www.petsonic.com/14216-large_default/virbac-champu-fisiologico-para-perros.jpg
Leti Champú dermatológico uso frecuente Con Extracto de Granada para Perro - 0.500 L,17.63,https://www.petsonic.com/23735-large_default/champu-dermatologico-extracto-granada-para-perros.jpg
Leti Loción Dermatológica Extracto de Granada para Perro - 0.200 L,17.77,https://www.petsonic.com/14211-large_default/locion-dermatologica-extracto-granada-para-perros.jpg
Advance Dermaforte complemento especial perros cuidado de piel y pelo - 10 Unidades.,16.95,https://www.petsonic.com/7445-large_default/pienso-para-perros-advance-veterinary-diets-dermaforte.jpg
Advance Dermaforte complemento especial perros cuidado de piel y pelo - 50 sobres,43.95,https://www.petsonic.com/7445-large_default/pienso-para-perros-advance-veterinary-diets-dermaforte.jpg
Advance Champú Atopic Care especial atopia en perros y cuidado de la piel - 0.300 L,14.95,https://www.petsonic.com/14213-large_default/advance-veterinary-diets-champu-atopic-care-para-perros.jpg
Ceva Douxo Calm Serum para Perro - 60 ml,17.93,https://www.petsonic.com/11614-large_default/ceva-douxo-calm-serum-para-perro.jpg
Ceva Douxo Calm Mousse para Perro - 0.150 L,19.10,https://www.petsonic.com/20639-large_default/ceva-douxo-calm-mousse-para-perro.jpg
Ceva Douxo Pyo Mousse para Perro - 150 ml,19.10,https://www.petsonic.com/20640-large_default/ceva-douxo-pyo-mousse-para-perro.jpg
Ceva Douxo Pyo Champú para Perro - 0.200 L,18.59,https://www.petsonic.com/22561-large_default/ceva-douxo-pyo-champu-para-perro.jpg
Ceva Douxo Seb Champú para Perro - 0.200 L,16.90,https://www.petsonic.com/11636-large_default/ceva-douxo-seb-champu-para-perro.jpg
Ceva Douxo Seb Mousse para Perro - 150 ml,19.10,https://www.petsonic.com/24256-large_default/ceva-douxo-seb-mousse-para-perro.jpg
Stangest Aceite KrillVet para Perro y Gato - 60 ,18.93,https://www.petsonic.com/28835-large_default/aceite-krillvet-para-perro.jpg
Stangest Aceite KrillVet para Perro y Gato - 120,32.30,https://www.petsonic.com/28835-large_default/aceite-krillvet-para-perro.jpg
Stangest Biotin B Complex para Perro y Gato - 100 Comprimidos.,12.63,https://www.petsonic.com/28774-large_default/biotin-b-complex-para-perro-gato.jpg
Stangest Biotin B Complex para Perro y Gato - 300 Comprimidos,32.58,https://www.petsonic.com/28774-large_default/biotin-b-complex-para-perro-gato.jpg
Stangest Espiruvet para Perro y Gato - 250 comprimidos,12.16,https://www.petsonic.com/28842-large_default/espiruvet-para-perro-gato.jpg
Stangest Espiruvet para Perro y Gato - 750 Comprimidos,31.83,https://www.petsonic.com/28842-large_default/espiruvet-para-perro-gato.jpg
Stangest CicaVet para Perro y Gato - 0.500 L,16.70,https://www.petsonic.com/28781-large_default/stanvet-cicavet-gato-para-perros-gatos.jpg
Stangest CicaVet para Perro y Gato - 125 ml,7.93,https://www.petsonic.com/28781-large_default/stanvet-cicavet-gato-para-perros-gatos.jpg
Vetnova Cutania Skin Control Toallitas para Perro y Gato - 24 Unidades.,9.54,https://www.petsonic.com/16823-large_default/cutania-skin-control-toallitas-para-perro-y-gato.jpg
Vetnova Cutania Gly Coat Champú + Spray dermatológico para Perro y Gato - 236 ml,20.90,https://www.petsonic.com/13244-large_default/cutania-gly-coat-champu-para-perro-gato.jpg
Vetnova Cutania Glyco Zoo Champú para Perro - 236 ml,18.62,https://www.petsonic.com/13245-large_default/cutania-glyco-zoo-champu-para-perro.jpg
Vetnova Cutania Glyco Benz Champú para Perro y Gato - 236 ml,23.63,https://www.petsonic.com/13246-large_default/cutania-glyco-benz-champu-para-perro-gato.jpg
Vetnova Cutanina Hair Control Total Care para Perro y Gato - 120 ml,19.99,https://www.petsonic.com/13249-large_default/cutanina-hair-control-total-care-per-cnae-gatto-per-cani-gatti.jpg
Vetnova Cutania Zn Spray para Perro y Gato - 59 ml,16.82,https://www.petsonic.com/13250-large_default/cutania-zn-spray-para-perro-gato.jpg
Vetnova Cutania Zn Gel para Perro y Gato - 59 ml,16.81,https://www.petsonic.com/13251-large_default/vetnova-cutania-zn-gel-gato-para-perros-gatos.jpg
Calier Adoderm para Perro y Gato - 25 Unidades,10.75,https://www.petsonic.com/14985-large_default/adoderm-para-perro-gato.jpg
Calier Ácidos Grasos Omegaaid para Perro y Gato - 0.250 L,16.33,https://www.petsonic.com/15606-large_default/acidos-grasos-omegaaid-para-perro-gato.jpg
Dechra Spray Desinfectante Antisept para Perro y Gato - 100 ml,6.04,https://www.petsonic.com/15008-large_default/spray-desinfectante-antisept-para-perro-gato.jpg
Dechra Suplemento Dermatológico Redonyl Ultra para Perro 60 capsulas - 50 mg - Perros y gatos,21.77,https://www.petsonic.com/24182-large_default/suplemento-dermatologico-redonyl-ultra-para-perro.jpg
Dechra Suplemento Dermatológico Redonyl Ultra para Perro 60 capsulas - 150 mg - Perros,33.61,https://www.petsonic.com/24182-large_default/suplemento-dermatologico-redonyl-ultra-para-perro.jpg
farmadiet Gel Cicatrizante Aloevet para Perro y Gato - 50 ml,10.02,https://www.petsonic.com/24135-large_default/gel-cicatrizante-aloevet-para-perro-gato.jpg
Fatro CLX Champú 4% para Perro y Gato - 0.200 L,19.30,https://www.petsonic.com/15081-large_default/clx-champu-4-para-perro-gato.jpg
Fatro CLX Espuma 4% para Perro y Gato - 0.100 L,15.34,https://www.petsonic.com/15082-large_default/clx-espuma-4-para-perro-gato.jpg
Fatro CLX Solucion Spray 4% para Perro y Gato - 0.200 L,20.88,https://www.petsonic.com/15083-large_default/clx-solucion-spray-4-para-perro-gato.jpg
Fatro CLX Toallitas para Perro y Gato - 40 Unidades.,27.44,https://www.petsonic.com/15084-large_default/clx-toallitas-para-perro-gato.jpg
Fatro CLX Derm Spot Gel para Perro y Gato - 0.100 L,17.59,https://www.petsonic.com/15085-large_default/clx-derm-spot-gel-para-perro-gatto.jpg
Fatro Ermidrá Champú para Perro y Gato - 0.250 L,14.95,https://www.petsonic.com/15090-large_default/emidra-champu-para-perro-gato.jpg
Fatro Vetramil Apósitos Cicatrizantes para Perro y Gato - 5 Unidades.,19.25,https://www.petsonic.com/15103-large_default/vetramil-apositos-cicatrizantes-para-perro-gato.jpg
Fatro Vetramil Pomada Cicatrizante para Perro y Gato - 30 Gr.,16.95,https://www.petsonic.com/15105-large_default/vetramil-pomada-cicatrizante-para-perro-gato.jpg
Fatro Vetramil Pomada Cicatrizante para Perro y Gato - 180 Gr,54.95,https://www.petsonic.com/15105-large_default/vetramil-pomada-cicatrizante-para-perro-gato.jpg
Fatro Vetramil Spray Cicatrizante para Pero y Gato - 100 ml,21.95,https://www.petsonic.com/15106-large_default/vetramil-spray-cicatrizante-para-pero-gato.jpg
Fatro Zincoseb Champú para Perro y Gato - 0.250 L,21.95,https://www.petsonic.com/17872-large_default/zincoseb-champu-para-perro-gato.jpg
JTPharma Biotin B Zinc Selenio para Perro y Gato - 60 Comprimidos,16.61,https://www.petsonic.com/15539-large_default/biotin-b-zinc-selenio-para-perro-gato.jpg
Stangest MSM para Perro y Gato - 60 Comprimidos,17.48,https://www.petsonic.com/15662-large_default/msm-para-perro-gato.jpg
Urano Vet U*Derm Omega Gel para Perro y Gato - 50 Gr.,15.20,https://www.petsonic.com/15674-large_default/u-derm-omega-gel-para-perro-gato.jpg
Urano Vet U*Derm Omega para Perro y Gato - 260 Comprimidos,78.83,https://www.petsonic.com/15675-large_default/u-derm-omega-para-perro-gato.jpg
Urano Vet Vexoderm Apositos Cicatrizantes para Perro y Gato - 9x4 cm,21.63,https://www.petsonic.com/15673-large_default/vexoderm-apositos-cicatrizantes-para-perro-gato.jpg
Urano Vet Vexoderm Apositos Cicatrizantes para Perro y Gato - 10x7 cm,28.56,https://www.petsonic.com/15673-large_default/vexoderm-apositos-cicatrizantes-para-perro-gato.jpg
vetplus Coatex Gel para Perro y Gato - 65 ml,23.21,https://www.petsonic.com/15734-large_default/coatex-gel-para-perro-gato.jpg
vetplus Coatex Gel para Perro y Gato - 150 ml,35.52,https://www.petsonic.com/15734-large_default/coatex-gel-para-perro-gato.jpg
Dermoscent Bio Balm - 50 ml,11.88,https://www.petsonic.com/18174-large_default/dermoscent-bio-balm-para-perros.jpg
Bioiberica Atopivet para perros atópicos - 60 Comprimidos,21.95,https://www.petsonic.com/20582-large_default/atopivet-para-perros-atopicos.jpg
Bioiberica Atopivet para perros atópicos - 180 Comprimidos,46.50,https://www.petsonic.com/20582-large_default/atopivet-para-perros-atopicos.jpg
Bioiberica Atopivet Spot-On para perros y gatos - 8 Pipetas,29.15,https://www.petsonic.com/20590-large_default/atopivet-spot-on-para-perros-gatos.jpg
Bioiberica Atopivet Spot-On para perros y gatos - 16 Pipetas,44.31,https://www.petsonic.com/20590-large_default/atopivet-spot-on-para-perros-gatos.jpg
Hifarmax Omnicutis cápsulas para perros y gatos salud de la piel y el pelo - 30,12.59,https://www.petsonic.com/20602-large_default/omnicutis-para-perros-gatos-salud-piel-pelo.jpg
Hifarmax Omnicutis cápsulas para perros y gatos salud de la piel y el pelo - 150,51.92,https://www.petsonic.com/20602-large_default/omnicutis-para-perros-gatos-salud-piel-pelo.jpg
Hifarmax Omnicutis cápsulas para perros y gatos salud de la piel y el pelo - 600,162.66,https://www.petsonic.com/20602-large_default/omnicutis-para-perros-gatos-salud-piel-pelo.jpg
Hifarmax Omnicutis líquido para perros y gatos salud de la piel y el pelo - 200 ml,24.14,https://www.petsonic.com/20606-large_default/omnicutis-liquido-para-perros-gatos-salud-piel-pelo.jpg
Elactil champu piodermas para perros y gatos - 250 ml,10.40,https://www.petsonic.com/24848-large_default/elactil-champu-piodermas-para-perros-y-gatos.jpg
K-Omega 369 complemento dietético de ácidos grasos - 30,12.95,https://www.petsonic.com/25096-large_default/k-omega-369-complemento-dietetico-de-acidos-grasos.jpg
Dermocanis Dermocare champú para perros y gatos - 250 ml,13.64,https://www.petsonic.com/25109-large_default/dermocanis-dermocare-champu-para-perros-y-gatos.jpg
Dermocanis Sebocare champú para perros - 250 ml,13.64,https://www.petsonic.com/25110-large_default/dermocanis-sebocare-champu-para-perros.jpg
Dermocanis Dermocare Espuma Seca champú para perros y gatos - 250 ml,13.64,https://www.petsonic.com/25111-large_default/dermocanis-dermocare-espuma-seca-champu-para-perros-y-gatos.jpg
Dermoscent Pyoclean Champu perros y gatos - 200 ml,13.07,https://www.petsonic.com/25119-large_default/dermoscent-pyoclean-champu-perros-y-gatos.jpg
Crema dermatológica con extracto de Granada para perros. - 50 ml,11.95,https://www.petsonic.com/25138-large_default/crema-dermatologica-con-extracto-de-granada-para-perros.jpg
Kerato Loción hidratante para perros - 200 ml,16.50,https://www.petsonic.com/25141-large_default/kerato-locion-hidratante-para-perros.jpg
Leticaderm loción para perros con pieles atopicas - 200 ml,19.95,https://www.petsonic.com/25143-large_default/leticaderm-locion-para-perros-con-pieles-atopicas.jpg
Dermoscent Atop7 Champu para perros y gatos - 200 ml,13.46,https://www.petsonic.com/25146-large_default/dermoscent-atop7-champu-para-perros-y-gatos.jpg
Coatex Champú Tratamiento - 0.250 L,15.69,https://www.petsonic.com/19625-large_default/vetplus-coatex-champu-tratamiento-para-perros-dermatologico.jpg
Coatex Champú Tratamiento - 0.500 L,24.08,https://www.petsonic.com/19625-large_default/vetplus-coatex-champu-tratamiento-para-perros-dermatologico.jpg
Hifarmax Omnicutis Atopicalm Para Perros Y Gatos Salud De La Piel Y El Pelo - 30,10.97,https://www.petsonic.com/22573-large_default/hifarmax-omnicutis-atopicalm-para-perros-y-gatos-salud-de-la-piel-y-el-pelo.jpg
Hifarmax Omnicutis Atopicalm Para Perros Y Gatos Salud De La Piel Y El Pelo - 200,59.45,https://www.petsonic.com/22573-large_default/hifarmax-omnicutis-atopicalm-para-perros-y-gatos-salud-de-la-piel-y-el-pelo.jpg
Zincoseb Spray perros y gatos - 250 ml,16.95,https://www.petsonic.com/27058-large_default/zincoseb-spray-perros-y-gatos.jpg
Atopivet suspension oral perros y gatos - 120 ml,18.95,https://www.petsonic.com/28439-large_default/atopivet-suspension-oral-perros-y-gatos.jpg
Linksin Spray perros y gatos - 200 ml,25.95,https://www.petsonic.com/28701-large_default/linksin-spray-perros-y-gatos.jpg
Bayer Sano&amp;Bello Murnil Suplemento vitamínico para perros y gatos - 66 Comprimidos,12.99,https://www.petsonic.com/28744-large_default/bayer-sanobello-murnil-suplemento-vitaminico-para-perros-y-gatos-60-comprimidos.jpg
